Time,Temp,Windchill,Heat Index,Humidity,Pressure,Dew Point,Visibility,Wind Dir,Wind Speed,Gust Speed,Precip,Events,Conditions
6/1/2016 0:00,23.3,,,0.71,1014.8,17.8,12.9,WSW,11.1,0,0,,Clear
6/1/2016 1:00,23.3,,,0.73,1015.1,18.3,12.9,Calm,0,0,0,,Clear
6/1/2016 2:00,22.8,,,0.76,1015.3,18.3,12.9,Calm,0,0,0,,Clear
6/1/2016 3:00,22.2,,,0.78,1015.6,18.3,11.3,NE,5.6,0,0,,Clear
6/1/2016 4:00,21.1,,,0.76,1016,16.7,12.9,ENE,13,0,0,,Clear
6/1/2016 5:00,21.7,,,0.53,1016.3,11.7,16.1,East,7.4,0,0,,Clear
6/1/2016 6:00,21.7,,,0.47,1016.7,10,16.1,NE,5.6,0,0,,Clear
6/1/2016 7:00,21.1,,,0.53,1017.5,11.1,12.9,Variable,5.6,0,0,,Clear
6/1/2016 8:00,22.2,,,0.43,1018,8.9,14.5,ENE,9.3,0,0,,Partly Cloudy
6/1/2016 9:00,22.8,,,0.44,1018.5,10,14.5,Calm,0,0,0,,Partly Cloudy
6/1/2016 10:00,23.9,,,0.4,1018.8,9.4,14.5,Variable,7.4,0,0,,Clear
6/1/2016 11:00,25,,,0.36,1019,8.9,14.5,ENE,11.1,0,0,,Clear
6/1/2016 12:00,25,,,0.36,1019,8.9,12.9,ESE,16.7,0,0,,Clear
6/1/2016 13:00,26.1,,,0.34,1019.1,8.9,12.9,ENE,14.8,0,0,,Clear
6/1/2016 14:00,26.7,,,0.35,1019,10,12.9,ENE,14.8,0,0,,Clear
6/1/2016 15:00,26.7,,,0.35,1018.8,10,12.9,Variable,9.3,0,0,,Clear
6/1/2016 16:00,27.8,,,0.33,1018.7,10,12.9,East,14.8,0,0,,Partly Cloudy
6/1/2016 17:00,27.2,,,0.31,1019,8.9,12.9,ENE,14.8,0,0,,Scattered Clouds
6/1/2016 18:00,26.7,,26.7,0.4,1018.7,12.2,12.9,ENE,13,0,0,,Scattered Clouds
6/1/2016 19:00,25.6,,,0.43,1018.6,12.2,12.9,SSE,13,0,0,,Clear
6/1/2016 20:00,24.4,,,0.46,1019.1,12.2,12.9,North,0,0,0,,Clear
6/1/2016 21:00,23.9,,,0.46,1019.3,11.7,12.9,North,0,0,0,,Clear
6/1/2016 22:00,21.7,,,0.51,1020.1,11.1,14.5,SE,5.6,0,0,,Clear
6/1/2016 23:00,21.1,,,0.53,1020.6,11.1,14.5,Variable,5.6,0,0,,Clear
6/2/2016 0:00,20,,,0.56,1020.9,11.1,14.5,Variable,9.3,0,0,,Clear
6/2/2016 1:00,19.4,,,0.61,1021.2,11.7,14.5,ENE,7.4,0,0,,Clear
6/2/2016 2:00,18.9,,,0.6,1021.1,11.1,14.5,Variable,7.4,0,0,,Clear
6/2/2016 3:00,18.3,,,0.65,1020.9,11.7,14.5,Variable,5.6,0,0,,Clear
6/2/2016 4:00,17.8,,,0.73,1020.8,12.8,14.5,ENE,5.6,0,0,,Clear
6/2/2016 5:00,17.2,,,0.75,1020.5,12.8,14.5,East,7.4,0,0,,Clear
6/2/2016 6:00,17.2,,,0.75,1020.2,12.8,14.5,Variable,5.6,0,0,,Clear
6/2/2016 7:00,17.2,,,0.75,1020.7,12.8,12.9,NE,9.3,0,0,,Mostly Cloudy
6/2/2016 8:00,17.2,,,0.78,1021.1,13.3,12.9,Variable,5.6,0,0,,Overcast
6/2/2016 9:00,17.8,,,0.75,1021,13.3,11.3,NE,11.1,0,0,,Scattered Clouds
6/2/2016 10:00,18.9,,,0.7,1021.2,13.3,11.3,Variable,9.3,0,0,,Partly Cloudy
6/2/2016 11:00,19.4,,,0.68,1021.1,13.3,11.3,Variable,9.3,0,0,,Clear
6/2/2016 12:00,20.6,,,0.65,1021,13.9,11.3,Variable,9.3,0,0,,Clear
6/2/2016 13:00,21.7,,,0.61,1020.6,13.9,11.3,East,11.1,0,0,,Clear
6/2/2016 14:00,23.9,,,0.55,1020.3,14.4,11.3,Variable,5.6,0,0,,Clear
6/2/2016 15:00,24.4,,,0.54,1020,14.4,9.7,Variable,5.6,0,0,,Haze
6/2/2016 16:00,23.9,,,0.55,1019.5,14.4,9.7,ENE,13,0,0,,Haze
6/2/2016 17:00,23.3,,,0.59,1018.9,15,9.7,Variable,11.1,0,0,,Haze
6/2/2016 18:00,23.3,,,0.59,1018.7,15,11.3,Variable,11.1,0,0,,Clear
6/2/2016 19:00,22.2,,,0.66,1018.3,15.6,14.5,Variable,7.4,0,0,,Clear
6/2/2016 20:00,20.6,,,0.7,1018.3,15,12.9,Variable,11.1,0,0,,Clear
6/2/2016 21:00,18.9,,,0.78,1018.5,15,11.3,North,0,0,0,,Scattered Clouds
6/2/2016 22:00,18.3,,,0.78,1018.9,14.4,12.9,Variable,7.4,0,0,,Overcast
6/2/2016 23:00,17.8,,,0.8,1019.2,14.4,11.3,Variable,5.6,0,0,,Overcast
6/3/2016 0:00,17.8,,,0.8,1019.1,14.4,11.3,Calm,0,0,0,,Overcast
6/3/2016 1:00,18.3,,,0.78,1019.2,14.4,11.3,Calm,0,0,0,,Overcast
6/3/2016 2:00,18.3,,,0.78,1019.2,14.4,11.3,Variable,7.4,0,0,,Overcast
6/3/2016 3:00,17.8,,,0.78,1018.7,13.9,12.9,Calm,0,0,0,,Overcast
6/3/2016 4:00,17.8,,,0.78,1018.2,13.9,14.5,Calm,0,0,0,,Overcast
6/3/2016 5:00,17.8,,,0.8,1017.9,14.4,12.9,SSW,5.6,0,0,,Overcast
6/3/2016 6:00,18.3,,,0.78,1018,14.4,12.9,Calm,0,0,0,,Overcast
6/3/2016 7:00,17.8,,,0.8,1018.1,14.4,11.3,ENE,7.4,0,0,,Overcast
6/3/2016 8:00,17.8,,,0.8,1018.3,14.4,8,East,7.4,0,0,,Haze
6/3/2016 9:00,17.8,,,0.84,1018.3,15,6.4,Calm,0,0,0.3,,Haze
6/3/2016 10:00,17.2,,,0.9,1019.2,15.6,4.8,East,5.6,0,0,Rain,Light Rain
6/3/2016 11:00,17.8,,,0.9,1018.3,16.1,4.8,Calm,0,0,0.3,,Overcast
6/3/2016 12:00,18.3,,,0.9,1018.3,16.7,4.8,Calm,0,0,0,,Overcast
6/3/2016 13:00,18.9,,,0.87,1018.2,16.7,4.8,Variable,5.6,0,0,,Overcast
6/3/2016 14:00,18.9,,,0.87,1018,16.7,6.4,Variable,5.6,0,0,,Overcast
6/3/2016 15:00,19.4,,,0.84,1017.8,16.7,8,Calm,0,0,0,,Haze
6/3/2016 16:00,20,,,0.78,1017.2,16.1,9.7,Variable,5.6,0,0,,Haze
6/3/2016 17:00,19.4,,,0.84,1017.3,16.7,8,Calm,0,0,0,,Haze
6/3/2016 18:00,20.6,,,0.78,1016.9,16.7,9.7,Calm,0,0,0,,Haze
6/3/2016 19:00,21.1,,,0.73,1016.6,16.1,8,Calm,0,0,0,,Haze
6/3/2016 20:00,21.1,,,0.76,1016.8,16.7,9.7,Calm,0,0,0,,Haze
6/3/2016 21:00,20.6,,,0.75,1016.7,16.1,9.7,Calm,0,0,0,,Haze
6/3/2016 22:00,20,,,0.78,1016.6,16.1,12.9,Variable,5.6,0,0,,Overcast
6/3/2016 23:00,20,,,0.81,1016.9,16.7,11.3,WSW,7.4,0,0,,Overcast
6/4/2016 0:00,20,,,0.81,1017.3,16.7,12.9,Variable,5.6,0,0,,Overcast
6/4/2016 1:00,19.4,,,0.79,1017.5,15.6,12.9,Calm,0,0,0,,Overcast
6/4/2016 2:00,19.4,,,0.79,1017,15.6,12.9,Calm,0,0,0,,Overcast
6/4/2016 3:00,19.4,,,0.81,1016.7,16.1,12.9,Calm,0,0,0,,Overcast
6/4/2016 4:00,20,,,0.81,1016.2,16.7,11.3,Calm,0,0,0,,Overcast
6/4/2016 5:00,20,,,0.81,1016.3,16.7,11.3,Calm,0,0,0,,Overcast
6/4/2016 6:00,19.4,,,0.84,1016.1,16.7,11.3,Calm,0,0,0,,Overcast
6/4/2016 7:00,20,,,0.84,1016.3,17.2,9.7,Calm,0,0,0,,Haze
6/4/2016 8:00,20.6,,,0.84,1016.4,17.8,6.4,West,5.6,0,0,,Haze
6/4/2016 9:00,21.1,,,0.81,1016.7,17.8,8,West,7.4,0,0,,Haze
6/4/2016 10:00,22.2,,,0.76,1016.6,17.8,8,West,5.6,0,0,,Haze
6/4/2016 11:00,23.3,,,0.71,1016.3,17.8,8,WSW,9.3,0,0,,Haze
6/4/2016 12:00,23.9,,,0.71,1016,18.3,9.7,Variable,5.6,0,0,,Haze
6/4/2016 13:00,25.6,,,0.66,1015.6,18.9,9.7,Calm,0,0,0,,Haze
6/4/2016 14:00,26.7,,27.6,0.58,1014.8,17.8,11.3,Variable,5.6,0,0,,Partly Cloudy
6/4/2016 15:00,27.8,,28.8,0.56,1014.3,18.3,11.3,Calm,0,0,0,,Scattered Clouds
6/4/2016 16:00,26.7,,27.6,0.58,1014,17.8,9.7,Calm,0,0,0,,Haze
6/4/2016 17:00,28.3,,29.2,0.54,1013.1,18.3,9.7,Variable,7.4,0,0,,Haze
6/4/2016 18:00,26.1,,,0.6,1012.9,17.8,11.3,Variable,9.3,0,0,,Scattered Clouds
6/4/2016 19:00,24.4,,,0.64,1012.7,17.2,9.7,SSE,13,0,0,,Haze
6/4/2016 20:00,23.9,,,0.69,1013.1,17.8,11.3,Calm,0,0,0,,Overcast
6/4/2016 21:00,20.6,,,0.93,1013.8,19.4,4,Variable,5.6,0,4.1,,Overcast
6/4/2016 22:00,19.4,,,0.93,1013.8,18.3,4.8,Variable,9.3,0,6.1,Rain,Light Rain
6/4/2016 23:00,20,,,0.9,1014.3,18.3,6.4,East,7.4,0,0,,Overcast
6/5/2016 0:00,18.9,,,0.9,1013.9,17.2,9.7,Calm,0,0,0,,Overcast
6/5/2016 1:00,19.4,,,0.9,1013.5,17.8,9.7,SE,5.6,0,0,,Overcast
6/5/2016 2:00,19.4,,,0.87,1012.9,17.2,11.3,Calm,0,0,0,,Overcast
6/5/2016 3:00,18.9,,,0.9,1012.5,17.2,12.9,Variable,5.6,0,0,,Overcast
6/5/2016 4:00,19.4,,,0.81,1012,16.1,16.1,Calm,0,0,0,,Overcast
6/5/2016 5:00,19.4,,,0.79,1011.9,15.6,16.1,Calm,0,0,0,,Overcast
6/5/2016 6:00,18.9,,,0.84,1011.7,16.1,14.5,SSE,5.6,0,0,,Mostly Cloudy
6/5/2016 7:00,18.9,,,0.81,1010.8,15.6,14.5,Calm,0,0,0,,Mostly Cloudy
6/5/2016 8:00,18.9,,,0.87,1011,16.7,12.9,Variable,7.4,0,0,,Mostly Cloudy
6/5/2016 9:00,19.4,,,0.84,1011.7,16.7,12.9,Variable,7.4,0,0,,Overcast
6/5/2016 10:00,18.9,,,0.9,1010.6,17.2,6.4,Variable,5.6,0,0,Rain,Light Rain
6/5/2016 11:00,19.4,,,0.87,1009.9,17.2,12.9,SSE,7.4,0,0,,Overcast
6/5/2016 12:00,20,,,0.81,1009.3,16.7,12.9,Variable,5.6,0,0,,Overcast
6/5/2016 13:00,18.3,,,0.93,1008.5,17.2,1.2,East,5.6,0,8.1,Rain,Heavy Rain
6/5/2016 14:00,19.4,,,0.93,1008.4,18.3,3.2,SSE,11.1,0,0,,Overcast
6/5/2016 15:00,20,,,0.93,1006.9,18.9,1.6,Calm,0,0,0,,Overcast
6/5/2016 16:00,21.1,,,0.9,1006.3,19.4,4.8,Variable,5.6,0,0,,Overcast
6/5/2016 17:00,21.1,,,0.9,1004.6,19.4,6.4,North,0,0,0,,Mostly Cloudy
6/5/2016 18:00,21.1,,,0.9,1003.4,19.4,6.4,Calm,0,0,0,,Overcast
6/5/2016 19:00,21.1,,,0.9,1002.8,19.4,8,Variable,5.6,0,0,,Partly Cloudy
6/5/2016 20:00,18.9,,,0.93,1004.6,17.8,1.6,Variable,5.6,0,1.3,Rain,Rain
6/5/2016 21:00,18.9,,,0.93,1003.5,17.8,4.8,SSW,11.1,0,2.8,Rain,Light Rain
6/5/2016 22:00,18.9,,,0.93,1003.9,17.8,14.5,Variable,5.6,0,0.5,,Clear
6/5/2016 23:00,19.4,,,0.9,1004,17.8,12.9,WSW,5.6,0,0,,Clear
6/6/2016 0:00,18.9,,,0.93,1004,17.8,12.9,Variable,5.6,0,0,,Clear
6/6/2016 1:00,18.9,,,0.9,1004.3,17.2,12.9,Variable,5.6,0,0,,Clear
6/6/2016 2:00,18.9,,,0.9,1004.2,17.2,9.7,WSW,7.4,0,0,,Clear
6/6/2016 3:00,18.9,,,0.93,1004,17.8,9.7,Variable,5.6,0,0,,Overcast
6/6/2016 4:00,18.9,,,0.93,1003.9,17.8,8,Variable,7.4,0,0,,Overcast
6/6/2016 5:00,18.9,,,0.93,1003.8,17.8,8,Calm,0,0,0,,Overcast
6/6/2016 6:00,18.9,,,0.93,1003.8,17.8,8,Variable,7.4,0,0,,Overcast
6/6/2016 7:00,18.9,,,0.93,1004.1,17.8,6.4,Variable,9.3,0,0,,Clear
6/6/2016 8:00,19.4,,,0.9,1004.5,17.8,8,West,7.4,0,0,,Clear
6/6/2016 9:00,20.6,,,0.84,1004.9,17.8,9.7,Variable,9.3,0,0,,Haze
6/6/2016 10:00,21.7,,,0.7,1005.1,16.1,12.9,WNW,9.3,0,0,,Clear
6/6/2016 11:00,22.2,,,0.68,1005.4,16.1,14.5,West,11.1,27.8,0,,Mostly Cloudy
6/6/2016 12:00,23.9,,,0.51,1005.3,13.3,14.5,Variable,5.6,0,0,,Partly Cloudy
6/6/2016 13:00,25.6,,,0.46,1005.4,13.3,14.5,West,13,0,0,,Partly Cloudy
6/6/2016 14:00,26.7,,26.7,0.42,1005.2,12.8,14.5,WSW,13,0,0,,Clear
6/6/2016 15:00,27.2,,27.1,0.42,1004.6,13.3,14.5,Variable,11.1,0,0,,Partly Cloudy
6/6/2016 16:00,27.8,,27.6,0.41,1004.2,13.3,14.5,Variable,7.4,0,0,,Clear
6/6/2016 17:00,27.8,,27.6,0.41,1004.1,13.3,12.9,Variable,11.1,0,0,,Overcast
6/6/2016 18:00,27.8,,27.4,0.39,1003.6,12.8,14.5,Variable,5.6,0,0,,Scattered Clouds
6/6/2016 19:00,27.2,,27.1,0.42,1003.5,13.3,14.5,West,16.7,0,0,,Scattered Clouds
6/6/2016 20:00,26.7,,26.8,0.43,1003.4,13.3,14.5,Variable,7.4,0,0,,Clear
6/6/2016 21:00,27.2,,27,0.39,1003.9,12.2,14.5,West,14.8,0,0,,Clear
6/6/2016 22:00,26.1,,,0.44,1003.8,12.8,16.1,SW,7.4,0,0,,Clear
6/6/2016 23:00,25.6,,,0.5,1003.9,14.4,16.1,SW,11.1,0,0,,Clear
6/7/2016 0:00,25.6,,,0.5,1003.9,14.4,14.5,Variable,9.3,0,0,,Mostly Cloudy
6/7/2016 1:00,25,,,0.52,1003.5,14.4,16.1,Variable,11.1,0,0,,Clear
6/7/2016 2:00,24.4,,,0.56,1002.8,15,16.1,Variable,5.6,0,0,,Scattered Clouds
6/7/2016 3:00,23.3,,,0.62,1002.7,15.6,14.5,Variable,5.6,0,0,,Clear
6/7/2016 4:00,23.3,,,0.64,1002,16.1,14.5,WSW,9.3,0,0,,Clear
6/7/2016 5:00,22.8,,,0.66,1001.4,16.1,14.5,Calm,0,0,0,,Clear
6/7/2016 6:00,22.2,,,0.71,1001.4,16.7,14.5,West,9.3,0,0,,Clear
6/7/2016 7:00,22.2,,,0.71,1001.2,16.7,11.3,West,5.6,0,0,,Clear
6/7/2016 8:00,21.7,,,0.7,1001.1,16.1,11.3,Calm,0,0,0,,Clear
6/7/2016 9:00,22.8,,,0.61,1001,15,12.9,Variable,5.6,0,0,,Clear
6/7/2016 10:00,23.9,,,0.55,1000.8,14.4,12.9,Variable,5.6,0,0,,Clear
6/7/2016 11:00,24.4,,,0.52,1000.3,13.9,12.9,West,14.8,29.6,0,,Partly Cloudy
6/7/2016 12:00,26.1,,,0.48,999.7,14.4,12.9,Variable,9.3,0,0,,Clear
6/7/2016 13:00,27.2,,27.2,0.44,999.9,13.9,12.9,Variable,5.6,0,0,,Clear
6/7/2016 14:00,28.3,,,0.33,999.2,10.6,12.9,Variable,9.3,0,0,,Clear
6/7/2016 15:00,28.3,,,0.33,998,10.6,12.9,North,0,0,0,,Clear
6/7/2016 16:00,28.9,,,0.29,997.7,9.4,12.9,Variable,9.3,0,0,,Partly Cloudy
6/7/2016 17:00,25.6,,,0.33,997.7,8.3,14.5,WNW,16.7,27.8,0,,Mostly Cloudy
6/7/2016 18:00,23.3,,,0.48,997.3,11.7,14.5,WNW,11.1,0,0,,Partly Cloudy
6/7/2016 19:00,24.4,,,0.42,997.5,10.6,14.5,North,0,0,0,,Clear
6/7/2016 20:00,23.9,,,0.4,998.2,9.4,14.5,Variable,11.1,0,0,,Clear
6/7/2016 21:00,22.8,,,0.44,998.8,10,16.1,Variable,5.6,0,0,,Clear
6/7/2016 22:00,22.2,,,0.48,999.2,10.6,16.1,Variable,7.4,0,0,,Clear
6/7/2016 23:00,21.1,,,0.51,1000.2,10.6,16.1,WNW,7.4,0,0,,Clear
6/8/2016 0:00,20,,,0.47,1001.2,8.3,16.1,NW,13,33.3,0,,Overcast
6/8/2016 1:00,18.3,,,0.52,1001.7,8.3,16.1,WNW,14.8,27.8,0,,Clear
6/8/2016 2:00,17.8,,,0.56,1001.7,8.9,16.1,Variable,9.3,0,0,,Clear
6/8/2016 3:00,17.8,,,0.56,1001.7,8.9,16.1,Variable,11.1,0,0,,Clear
6/8/2016 4:00,17.2,,,0.56,1001.8,8.3,16.1,WNW,13,27.8,0,,Clear
6/8/2016 5:00,16.7,,,0.58,1002.3,8.3,16.1,WNW,13,0,0,,Clear
6/8/2016 6:00,16.1,,,0.6,1002.8,8.3,16.1,North,0,0,0,,Clear
6/8/2016 7:00,15.6,,,0.62,1003.3,8.3,16.1,Variable,9.3,0,0,,Clear
6/8/2016 8:00,16.1,,,0.6,1003.2,8.3,16.1,North,0,0,0,,Clear
6/8/2016 9:00,16.1,,,0.6,1003.1,8.3,16.1,North,0,0,0,,Clear
6/8/2016 10:00,17.2,,,0.58,1003,8.9,16.1,Variable,9.3,0,0,,Clear
6/8/2016 11:00,17.8,,,0.48,1003,6.7,16.1,Variable,9.3,0,0,,Clear
6/8/2016 12:00,18.9,,,0.47,1002.3,7.2,14.5,Variable,9.3,0,0,,Scattered Clouds
6/8/2016 13:00,18.3,,,0.48,1002,7.2,16.1,Variable,11.1,0,0,,Overcast
6/8/2016 14:00,14.4,,,0.78,1002.8,10.6,2.8,NW,14.8,29.6,0.3,Rain,Light Rain
6/8/2016 15:00,11.7,,,0.89,1005.3,10,2,WNW,16.7,42.6,0.5,Rain,Rain
6/8/2016 16:00,11.1,,,0.89,1004.3,9.4,4.8,WNW,13,0,2.8,Rain,Light Rain
6/8/2016 17:00,12.2,,,0.86,1004.5,10,12.9,WNW,11.1,0,0.5,,Overcast
6/8/2016 18:00,12.8,,,0.86,1004.5,10.6,14.5,WNW,14.8,27.8,0.3,,Scattered Clouds
6/8/2016 19:00,15,,,0.64,1004.9,8.3,16.1,West,18.5,33.3,0,,Partly Cloudy
6/8/2016 20:00,16.1,,,0.58,1005.6,7.8,14.5,Variable,9.3,0,0,,Clear
6/8/2016 21:00,16.7,,,0.44,1006.4,4.4,14.5,Variable,11.1,38.9,0,,Clear
6/8/2016 22:00,16.1,,,0.48,1007.1,5,16.1,WNW,14.8,0,0,,Overcast
6/8/2016 23:00,15.6,,,0.51,1007.9,5.6,16.1,WNW,13,37,0,,Mostly Cloudy
6/9/2016 0:00,15.6,,,0.51,1008.5,5.6,16.1,WNW,9.3,0,0,,Overcast
6/9/2016 1:00,15,,,0.51,1009.1,5,16.1,WNW,16.7,35.2,0,,Overcast
6/9/2016 2:00,14.4,,,0.56,1009.4,5.6,16.1,WNW,7.4,0,0,,Overcast
6/9/2016 3:00,13.9,,,0.55,1009.1,5,16.1,North,0,0,0,,Partly Cloudy
6/9/2016 4:00,13.3,,,0.6,1009.5,5.6,16.1,Variable,7.4,0,0,,Partly Cloudy
6/9/2016 5:00,13.3,,,0.55,1009.4,4.4,16.1,Variable,7.4,0,0,,Clear
6/9/2016 6:00,12.8,,,0.57,1009.4,4.4,16.1,WNW,16.7,33.3,0,,Clear
6/9/2016 7:00,12.2,,,0.59,1009.9,4.4,16.1,WNW,20.4,37,0,,Clear
6/9/2016 8:00,12.2,,,0.59,1010.2,4.4,16.1,West,13,37,0,,Clear
6/9/2016 9:00,12.8,,,0.55,1010.6,3.9,16.1,WNW,24.1,38.9,0,,Clear
6/9/2016 10:00,13.9,,,0.51,1010.6,3.9,14.5,North,0,0,0,,Partly Cloudy
6/9/2016 11:00,15,,,0.46,1010.4,3.3,14.5,NW,18.5,42.6,0,,Clear
6/9/2016 12:00,16.7,,,0.43,1010.5,3.9,14.5,West,22.2,33.3,0,,Scattered Clouds
6/9/2016 13:00,18.3,,,0.37,1010.1,3.3,14.5,WNW,16.7,33.3,0,,Clear
6/9/2016 14:00,19.4,,,0.33,1009.7,2.8,14.5,WNW,14.8,35.2,0,,Partly Cloudy
6/9/2016 15:00,19.4,,,0.34,1009.3,3.3,14.5,WNW,22.2,46.3,0,,Clear
6/9/2016 16:00,20.6,,,0.32,1008.9,3.3,14.5,West,24.1,42.6,0,,Clear
6/9/2016 17:00,21.1,,,0.31,1008.8,3.3,14.5,WNW,16.7,48.2,0,,Partly Cloudy
6/9/2016 18:00,21.7,,,0.27,1008.8,1.7,14.5,NW,14.8,44.4,0,,Clear
6/9/2016 19:00,21.7,,,0.27,1008.7,1.7,16.1,Variable,9.3,44.4,0,,Clear
6/9/2016 20:00,21.1,,,0.27,1009.1,1.1,16.1,NW,16.7,38.9,0,,Clear
6/9/2016 21:00,20.6,,,0.3,1009.8,2.2,16.1,Variable,9.3,0,0,,Clear
6/9/2016 22:00,19.4,,,0.32,1010.5,2.2,16.1,WNW,14.8,29.6,0,,Clear
6/9/2016 23:00,18.9,,,0.3,1011.7,1.1,16.1,Variable,11.1,0,0,,Partly Cloudy
6/10/2016 0:00,17.8,,,0.34,1012.5,1.7,16.1,Variable,7.4,0,0,,Clear
6/10/2016 1:00,17.2,,,0.37,1013.3,2.2,16.1,Variable,5.6,0,0,,Clear
6/10/2016 2:00,16.7,,,0.37,1013.3,1.7,16.1,Variable,7.4,0,0,,Mostly Cloudy
6/10/2016 3:00,16.1,,,0.36,1013.3,1.1,16.1,Variable,7.4,0,0,,Scattered Clouds
6/10/2016 4:00,16.1,,,0.38,1013.3,1.7,16.1,West,13,0,0,,Clear
6/10/2016 5:00,15,,,0.41,1013.8,1.7,16.1,Variable,5.6,0,0,,Scattered Clouds
6/10/2016 6:00,14.4,,,0.44,1014.3,2.2,16.1,WNW,11.1,0,0,,Partly Cloudy
6/10/2016 7:00,13.9,,,0.47,1014.9,2.8,16.1,West,13,0,0,,Partly Cloudy
6/10/2016 8:00,13.9,,,0.49,1015.2,3.3,16.1,West,9.3,0,0,,Clear
6/10/2016 9:00,15,,,0.46,1015.3,3.3,16.1,Variable,7.4,0,0,,Scattered Clouds
6/10/2016 10:00,16.7,,,0.39,1015.5,2.8,16.1,NW,13,27.8,0,,Partly Cloudy
6/10/2016 11:00,17.8,,,0.35,1015.7,2.2,16.1,Variable,11.1,0,0,,Scattered Clouds
6/10/2016 12:00,18.9,,,0.34,1016.2,2.8,16.1,Variable,11.1,37,0,,Partly Cloudy
6/10/2016 13:00,20.6,,,0.31,1016.3,2.8,16.1,NW,14.8,35.2,0,,Scattered Clouds
6/10/2016 14:00,22.2,,,0.29,1015.8,3.3,16.1,NW,13,27.8,0,,Partly Cloudy
6/10/2016 15:00,22.8,,,0.26,1015.5,2.2,16.1,WNW,18.5,27.8,0,,Scattered Clouds
6/10/2016 16:00,23.3,,,0.27,1015.1,3.3,16.1,Variable,7.4,0,0,,Partly Cloudy
6/10/2016 17:00,24.4,,,0.25,1014.8,3.3,16.1,North,0,0,0,,Partly Cloudy
6/10/2016 18:00,24.4,,,0.23,1014.8,2.2,16.1,North,0,0,0,,Mostly Cloudy
6/10/2016 19:00,24.4,,,0.23,1014.8,1.7,16.1,Variable,9.3,0,0,,Mostly Cloudy
6/10/2016 20:00,23.9,,,0.23,1015.4,1.7,16.1,Variable,5.6,0,0,,Mostly Cloudy
6/10/2016 21:00,22.8,,,0.27,1015.8,2.8,16.1,Variable,5.6,0,0,,Mostly Cloudy
6/10/2016 22:00,22.2,,,0.29,1016.2,3.3,16.1,Variable,7.4,0,0,,Mostly Cloudy
6/10/2016 23:00,21.1,,,0.31,1016.7,3.3,16.1,Variable,7.4,0,0,,Mostly Cloudy
6/11/2016 0:00,20,,,0.33,1017,3.3,16.1,Calm,0,0,0,,Overcast
6/11/2016 1:00,18.9,,,0.36,1017.2,3.3,16.1,Calm,0,0,0,,Overcast
6/11/2016 2:00,17.2,,,0.45,1017.4,5,16.1,Calm,0,0,0,,Overcast
6/11/2016 3:00,17.2,,,0.4,1017.2,3.3,16.1,West,5.6,0,0,,Unknown
6/11/2016 4:00,16.7,,,0.43,1017,3.9,16.1,Calm,0,0,0,,Unknown
6/11/2016 5:00,16.1,,,0.5,1017.2,5.6,16.1,Calm,0,0,0,,Unknown
6/11/2016 6:00,16.1,,,0.52,1016.7,6.1,16.1,Calm,0,0,0,,Unknown
6/11/2016 7:00,15.6,,,0.55,1016.6,6.7,16.1,Calm,0,0,0,,Unknown
6/11/2016 8:00,17.2,,,0.63,1015.9,10,16.1,Calm,0,0,0,,Unknown
6/11/2016 9:00,20,,,0.5,1015.5,9.4,16.1,Calm,0,0,0,,Unknown
6/11/2016 10:00,21.1,,,0.42,1015.3,7.8,16.1,Variable,5.6,0,0,,Unknown
6/11/2016 11:00,21.7,,,0.47,1014.2,10,16.1,Variable,5.6,0,0,,Unknown
6/11/2016 12:00,22.8,,,0.51,1013.1,12.2,16.1,SSW,7.4,0,0,,Unknown
6/11/2016 13:00,24.4,,,0.54,1011.4,14.4,14.5,SW,16.7,33.3,0,,Unknown
6/11/2016 14:00,25,,,0.54,1010.2,15,14.5,Variable,5.6,29.6,0,,Unknown
6/11/2016 15:00,26.7,,27.6,0.58,1009.6,17.8,14.5,North,0,0,0,,Unknown
6/11/2016 16:00,27.8,,28.8,0.56,1008.6,18.3,14.5,Variable,11.1,0,0,,Unknown
6/11/2016 17:00,27.8,,28.8,0.56,1008.1,18.3,14.5,North,0,0,0,,Unknown
6/11/2016 18:00,29.4,,30.3,0.51,1006.9,18.3,14.5,Calm,0,0,0,,Unknown
6/11/2016 19:00,30,,31.2,0.51,1006.1,18.9,14.5,West,9.3,0,0,,Unknown
6/11/2016 20:00,30.6,,31.8,0.49,1005.9,18.9,12.9,West,13,27.8,0,,Unknown
6/11/2016 21:00,29.4,,30.6,0.53,1005.7,18.9,14.5,Variable,9.3,0,0,,Unknown
6/11/2016 22:00,29.4,,30.6,0.53,1005.8,18.9,16.1,West,11.1,0,0,,Unknown
6/11/2016 23:00,30,,31.2,0.51,1006.2,18.9,16.1,Variable,7.4,0,0,,Unknown
6/12/2016 0:00,28.9,,29.9,0.53,1006.6,18.3,16.1,West,7.4,0,0,,Unknown
6/12/2016 1:00,27.2,,28.2,0.58,1006.6,18.3,16.1,Calm,0,0,0,,Unknown
6/12/2016 2:00,27.8,,28.8,0.56,1006.4,18.3,16.1,Variable,5.6,0,0,,Unknown
6/12/2016 3:00,26.1,,,0.58,1005.6,17.2,16.1,SW,7.4,0,0,,Unknown
6/12/2016 4:00,26.1,,,0.56,1004.9,16.7,16.1,Variable,9.3,0,0,,Unknown
6/12/2016 5:00,26.1,,,0.6,1004.2,17.8,16.1,West,13,0,0,,Unknown
6/12/2016 6:00,25.6,,,0.62,1003.6,17.8,16.1,Variable,9.3,0,0,,Unknown
6/12/2016 7:00,25.6,,,0.62,1003.7,17.8,12.9,Variable,11.1,0,0,,Unknown
6/12/2016 8:00,25.6,,,0.64,1003.7,18.3,12.9,North,0,0,0,,Unknown
6/12/2016 9:00,26.1,,,0.62,1003.6,18.3,14.5,North,0,0,0,,Unknown
6/12/2016 10:00,27.2,,28,0.56,1002.7,17.8,14.5,Variable,7.4,29.6,0,,Unknown
6/12/2016 11:00,27.2,,27.2,0.44,1002.6,13.9,14.5,West,16.7,38.9,0,,Unknown
6/12/2016 12:00,27.8,,,0.22,1002.8,3.9,16.1,North,0,0,0,,Unknown
6/12/2016 13:00,27.8,,,0.25,1002.9,6.1,16.1,West,18.5,38.9,0,,Unknown
6/12/2016 14:00,27.8,,,0.24,1002.6,5.6,16.1,North,0,0,0,,Unknown
6/12/2016 15:00,27.8,,,0.25,1002.5,6.1,16.1,Variable,9.3,37,0,,Unknown
6/12/2016 16:00,26.7,,,0.29,1003.1,7.2,16.1,North,0,0,0,,Unknown
6/12/2016 17:00,25.6,,,0.32,1004,7.8,16.1,NW,14.8,37,0,,Unknown
6/12/2016 18:00,24.4,,,0.35,1004.7,7.8,16.1,North,18.5,38.9,0,,Unknown
6/12/2016 19:00,22.8,,,0.37,1005.4,7.2,16.1,North,0,0,0,,Unknown
6/12/2016 20:00,21.7,,,0.41,1006.6,7.8,16.1,NNW,13,38.9,0,,Unknown
6/12/2016 21:00,20.6,,,0.4,1007.3,6.7,16.1,Variable,11.1,33.3,0,,Unknown
6/12/2016 22:00,19.4,,,0.44,1007.9,6.7,16.1,North,13,27.8,0,,Unknown
6/12/2016 23:00,18.3,,,0.47,1008.7,6.7,16.1,North,16.7,48.2,0,,Unknown
6/13/2016 0:00,17.8,,,0.48,1009.2,6.7,16.1,Variable,11.1,0,0,,Unknown
6/13/2016 1:00,17.2,,,0.5,1009,6.7,16.1,NW,18.5,38.9,0,,Unknown
6/13/2016 2:00,16.7,,,0.5,1009,6.1,16.1,North,16.7,31.5,0,,Unknown
6/13/2016 3:00,16.1,,,0.54,1009,6.7,16.1,WNW,18.5,33.3,0,,Unknown
6/13/2016 4:00,15.6,,,0.53,1009.3,6.1,16.1,NW,14.8,0,0,,Unknown
6/13/2016 5:00,15,,,0.55,1009.8,6.1,16.1,NW,13,37,0,,Unknown
6/13/2016 6:00,14.4,,,0.58,1009.9,6.1,16.1,WNW,16.7,37,0,,Unknown
6/13/2016 7:00,13.9,,,0.59,1010.7,6.1,16.1,NW,13,33.3,0,,Unknown
6/13/2016 8:00,14.4,,,0.6,1010.8,6.7,16.1,Variable,11.1,0,0,,Unknown
6/13/2016 9:00,15,,,0.6,1010.9,7.2,16.1,NW,13,25.9,0,,Unknown
6/13/2016 10:00,16.1,,,0.58,1011.6,7.8,16.1,NW,14.8,0,0,,Unknown
6/13/2016 11:00,17.2,,,0.56,1012,8.3,16.1,North,0,0,0,,Unknown
6/13/2016 12:00,19.4,,,0.49,1011.4,8.3,16.1,Calm,0,0,0,,Unknown
6/13/2016 13:00,20,,,0.49,1010.6,8.9,16.1,WNW,9.3,0,0,,Unknown
6/13/2016 14:00,20.6,,,0.45,1010.2,8.3,16.1,NW,18.5,35.2,0,,Unknown
6/13/2016 15:00,23.3,,,0.43,1009.6,10,16.1,North,14.8,0,0,,Clear
6/13/2016 16:00,21.7,,,0.42,1008.6,8.3,16.1,Variable,7.4,27.8,0,,Clear
6/13/2016 17:00,22.2,,,0.41,1008.8,8.3,16.1,Variable,7.4,31.5,0,,Clear
6/13/2016 18:00,21.7,,,0.44,1009,8.9,16.1,WNW,16.7,31.5,0,,Clear
6/13/2016 19:00,21.7,,,0.47,1008.6,10,16.1,NW,14.8,0,0,,Partly Cloudy
6/13/2016 20:00,20.6,,,0.47,1008.9,8.9,16.1,Variable,11.1,0,0,,Partly Cloudy
6/13/2016 21:00,20,,,0.49,1009.2,8.9,16.1,Variable,11.1,0,0,,Clear
6/13/2016 22:00,18.9,,,0.52,1009.3,8.9,16.1,Variable,9.3,0,0,,Partly Cloudy
6/13/2016 23:00,18.9,,,0.5,1009.8,8.3,16.1,Variable,7.4,0,0,,Overcast
6/14/2016 0:00,18.3,,,0.52,1010.1,8.3,16.1,Variable,11.1,0,0,,Overcast
6/14/2016 1:00,18.3,,,0.54,1010.4,8.9,16.1,Variable,9.3,0,0,,Overcast
6/14/2016 2:00,17.8,,,0.54,1010.8,8.3,16.1,Variable,9.3,0,0,,Overcast
6/14/2016 3:00,17.8,,,0.56,1011.1,8.9,16.1,North,0,0,0,,Overcast
6/14/2016 4:00,16.7,,,0.58,1010.9,8.3,16.1,North,0,0,0,,Clear
6/14/2016 5:00,16.1,,,0.6,1011.3,8.3,16.1,Variable,9.3,0,0,,Clear
6/14/2016 6:00,15.6,,,0.6,1012.2,7.8,16.1,Variable,11.1,0,0,,Clear
6/14/2016 7:00,15,,,0.64,1013.1,8.3,16.1,North,0,0,0,,Clear
6/14/2016 8:00,15,,,0.64,1013.6,8.3,16.1,Variable,7.4,0,0,,Clear
6/14/2016 9:00,15.6,,,0.6,1013.9,7.8,16.1,Calm,0,0,0,,Clear
6/14/2016 10:00,16.7,,,0.52,1014,6.7,16.1,Variable,7.4,0,0,,Clear
6/14/2016 11:00,17.8,,,0.45,1013.9,5.6,16.1,Variable,5.6,0,0,,Clear
6/14/2016 12:00,20,,,0.39,1013.7,5.6,16.1,Variable,9.3,0,0,,Clear
6/14/2016 13:00,21.7,,,0.35,1013.4,5.6,16.1,Variable,7.4,0,0,,Clear
6/14/2016 14:00,23.3,,,0.3,1013.2,5,16.1,Variable,7.4,0,0,,Clear
6/14/2016 15:00,24.4,,,0.31,1012.6,6.1,16.1,Variable,5.6,0,0,,Clear
6/14/2016 16:00,25,,,0.3,1012.8,6.1,16.1,Variable,5.6,0,0,,Clear
6/14/2016 17:00,26.1,,,0.28,1012.4,6.1,16.1,North,7.4,0,0,,Clear
6/14/2016 18:00,25.6,,,0.3,1012.4,6.7,16.1,Variable,9.3,0,0,,Clear
6/14/2016 19:00,25.6,,,0.28,1012.2,5.6,16.1,WNW,13,0,0,,Clear
6/14/2016 20:00,25,,,0.32,1012.6,7.2,16.1,Calm,0,0,0,,Clear
6/14/2016 21:00,24.4,,,0.32,1012.9,6.7,16.1,Variable,7.4,0,0,,Clear
6/14/2016 22:00,23.9,,,0.33,1013.3,6.7,16.1,Variable,9.3,0,0,,Clear
6/14/2016 23:00,23.3,,,0.35,1014,7.2,16.1,West,9.3,0,0,,Clear
6/15/2016 0:00,21.7,,,0.39,1014.4,7.2,16.1,WNW,5.6,0,0,,Clear
6/15/2016 1:00,21.1,,,0.42,1014.9,7.8,16.1,Calm,0,0,0,,Clear
6/15/2016 2:00,19.4,,,0.49,1015,8.3,16.1,WNW,5.6,0,0,,Clear
6/15/2016 3:00,19.4,,,0.47,1015,7.8,16.1,Calm,0,0,0,,Clear
6/15/2016 4:00,18.9,,,0.48,1014.5,7.8,16.1,Calm,0,0,0,,Clear
6/15/2016 5:00,19.4,,,0.45,1014.5,7.2,16.1,WNW,9.3,0,0,,Clear
6/15/2016 6:00,17.8,,,0.52,1014.5,7.8,16.1,WNW,5.6,0,0,,Clear
6/15/2016 7:00,16.7,,,0.6,1014.7,8.9,16.1,Calm,0,0,0,,Clear
6/15/2016 8:00,18.3,,,0.54,1015.2,8.9,16.1,WNW,7.4,0,0,,Clear
6/15/2016 9:00,19.4,,,0.49,1015.5,8.3,16.1,Variable,7.4,0,0,,Clear
6/15/2016 10:00,20.6,,,0.49,1015.6,9.4,16.1,Calm,0,0,0,,Clear
6/15/2016 11:00,22.8,,,0.39,1015.1,8.3,16.1,Calm,0,0,0,,Clear
6/15/2016 12:00,24.4,,,0.32,1014.7,6.7,16.1,Variable,5.6,0,0,,Clear
6/15/2016 13:00,26.1,,,0.26,1014.1,5,16.1,Calm,0,0,0,,Clear
6/15/2016 14:00,27.8,,,0.26,1013.5,6.7,16.1,Variable,5.6,0,0,,Clear
6/15/2016 15:00,28.9,,,0.24,1012.5,6.1,16.1,Calm,0,0,0,,Clear
6/15/2016 16:00,28.3,,,0.27,1011.8,7.8,16.1,Variable,5.6,0,0,,Clear
6/15/2016 17:00,28.3,,,0.24,1011.1,6.1,16.1,Calm,0,0,0,,Clear
6/15/2016 18:00,27.2,,,0.36,1010.8,11.1,16.1,Variable,5.6,0,0,,Clear
6/15/2016 19:00,26.1,,,0.42,1010.3,12.2,16.1,North,0,0,0,,Clear
6/15/2016 20:00,25,,,0.45,1010.2,12.2,16.1,Variable,5.6,0,0,,Clear
6/15/2016 21:00,25,,,0.48,1010.2,13.3,14.5,Variable,5.6,0,0,,Clear
6/15/2016 22:00,24.4,,,0.5,1010.2,13.3,16.1,South,5.6,0,0,,Clear
6/15/2016 23:00,23.9,,,0.53,1010.6,13.9,16.1,North,0,0,0,,Scattered Clouds
6/16/2016 0:00,24.4,,,0.46,1010.7,12.2,16.1,SW,9.3,0,0,,Mostly Cloudy
6/16/2016 1:00,23.9,,,0.53,1010.6,13.9,16.1,WSW,5.6,0,0,,Partly Cloudy
6/16/2016 2:00,23.9,,,0.55,1010.2,14.4,16.1,Calm,0,0,0,,Clear
6/16/2016 3:00,22.8,,,0.61,1009.8,15,16.1,WSW,7.4,0,0,,Scattered Clouds
6/16/2016 4:00,22.8,,,0.64,1008.9,15.6,16.1,West,5.6,0,0,,Scattered Clouds
6/16/2016 5:00,20.6,,,0.81,1008.6,17.2,9.7,North,0,0,0.3,Rain,Light Rain
6/16/2016 6:00,20,,,0.87,1008.4,17.8,8,Calm,0,0,0.3,Rain,Light Rain
6/16/2016 7:00,20,,,0.9,1008.5,18.3,4.8,Calm,0,0,0,Rain,Light Rain
6/16/2016 8:00,19.4,,,0.93,1009.5,18.3,2,Calm,0,0,2.3,Rain,Rain
6/16/2016 9:00,18.9,,,0.93,1009,17.8,4.8,NE,7.4,0,2.3,,Overcast
6/16/2016 10:00,19.4,,,0.9,1009,17.8,6.4,ESE,9.3,0,0,,Overcast
6/16/2016 11:00,19.4,,,0.9,1008.3,17.8,8,Calm,0,0,0,,Overcast
6/16/2016 12:00,20.6,,,0.84,1008.6,17.8,12.9,Calm,0,0,0,,Overcast
6/16/2016 13:00,21.1,,,0.73,1008.8,16.1,12.9,East,7.4,0,0,,Overcast
6/16/2016 14:00,21.7,,,0.68,1008.8,15.6,12.9,Variable,5.6,0,0,,Overcast
6/16/2016 15:00,20,,,0.76,1009.1,15.6,4.8,Calm,0,0,0,Rain,Rain
6/16/2016 16:00,19.4,,,0.9,1008.6,17.8,9.7,Calm,0,0,0.5,,Overcast
6/16/2016 17:00,20.6,,,0.75,1008.4,16.1,12.9,Calm,0,0,0,,Overcast
6/16/2016 18:00,22.2,,,0.66,1007.6,15.6,12.9,Variable,5.6,0,0,,Overcast
6/16/2016 19:00,22.2,,,0.66,1006.8,15.6,12.9,ENE,5.6,0,0,,Overcast
6/16/2016 20:00,22.2,,,0.61,1006.7,14.4,14.5,Calm,0,0,0,,Overcast
6/16/2016 21:00,21.7,,,0.68,1007.4,15.6,12.9,Calm,0,0,0,,Overcast
6/16/2016 22:00,21.1,,,0.65,1007.4,14.4,16.1,Calm,0,0,0,,Mostly Cloudy
6/16/2016 23:00,20.6,,,0.68,1007.7,14.4,14.5,NE,5.6,0,0,,Clear
6/17/2016 0:00,20,,,0.65,1008.2,13.3,16.1,NE,5.6,0,0,,Clear
6/17/2016 1:00,20,,,0.65,1008.3,13.3,14.5,Calm,0,0,0,,Clear
6/17/2016 2:00,20.6,,,0.65,1008.7,13.9,14.5,Calm,0,0,0,,Mostly Cloudy
6/17/2016 3:00,20,,,0.73,1008.9,15,12.9,Calm,0,0,0,,Partly Cloudy
6/17/2016 4:00,20,,,0.7,1008.8,14.4,14.5,Calm,0,0,0,,Clear
6/17/2016 5:00,19.4,,,0.76,1009,15,14.5,Calm,0,0,0,,Clear
6/17/2016 6:00,18.9,,,0.81,1009,15.6,14.5,NE,5.6,0,0,,Clear
6/17/2016 7:00,18.3,,,0.84,1009.7,15.6,12.9,Calm,0,0,0,,Clear
6/17/2016 8:00,19.4,,,0.73,1010.6,14.4,14.5,Calm,0,0,0,,Mostly Cloudy
6/17/2016 9:00,21.1,,,0.61,1011.3,13.3,16.1,Variable,11.1,0,0,,Clear
6/17/2016 10:00,21.7,,,0.59,1012.1,13.3,14.5,Variable,9.3,0,0,,Clear
6/17/2016 11:00,22.2,,,0.59,1012.7,13.9,14.5,ENE,9.3,0,0,,Clear
6/17/2016 12:00,21.7,,,0.66,1013.5,15,11.3,ENE,13,0,0,,Partly Cloudy
6/17/2016 13:00,23.3,,,0.59,1014.3,15,11.3,NE,9.3,0,0,,Clear
6/17/2016 14:00,23.3,,,0.59,1014.8,15,12.9,NE,14.8,0,0,,Partly Cloudy
6/17/2016 15:00,22.2,,,0.53,1015.3,12.2,16.1,ENE,20.4,0,0,,Partly Cloudy
6/17/2016 16:00,24.4,,,0.46,1015.4,12.2,16.1,ENE,11.1,0,0,,Clear
6/17/2016 17:00,24.4,,,0.4,1015.5,10,16.1,Variable,7.4,0,0,,Partly Cloudy
6/17/2016 18:00,23.9,,,0.37,1016,8.3,16.1,SSE,13,0,0,,Clear
6/17/2016 19:00,22.2,,,0.38,1016.1,7.2,16.1,Variable,7.4,0,0,,Clear
6/17/2016 20:00,21.1,,,0.36,1017,5.6,16.1,Variable,7.4,0,0,,Clear
6/17/2016 21:00,20,,,0.45,1017.4,7.8,16.1,North,0,0,0,,Clear
6/17/2016 22:00,18.9,,,0.54,1018.1,9.4,16.1,Variable,7.4,0,0,,Clear
6/17/2016 23:00,18.3,,,0.52,1019.3,8.3,16.1,South,7.4,0,0,,Clear
6/18/2016 0:00,17.8,,,0.54,1019.6,8.3,16.1,Variable,5.6,0,0,,Clear
6/18/2016 1:00,17.2,,,0.58,1020,8.9,16.1,South,5.6,0,0,,Clear
6/18/2016 2:00,17.2,,,0.58,1020.2,8.9,16.1,Variable,7.4,0,0,,Clear
6/18/2016 3:00,17.2,,,0.58,1020.1,8.9,16.1,WNW,7.4,0,0,,Clear
6/18/2016 4:00,17.2,,,0.6,1020,9.4,16.1,Calm,0,0,0,,Clear
6/18/2016 5:00,17.2,,,0.58,1020.2,8.9,16.1,West,7.4,0,0,,Clear
6/18/2016 6:00,16.7,,,0.6,1020.7,8.9,16.1,Calm,0,0,0,,Clear
6/18/2016 7:00,16.7,,,0.58,1021.6,8.3,16.1,Calm,0,0,0,,Clear
6/18/2016 8:00,17.8,,,0.56,1022.4,8.9,16.1,Calm,0,0,0,,Clear
6/18/2016 9:00,18.9,,,0.5,1022.7,8.3,16.1,WNW,9.3,0,0,,Clear
6/18/2016 10:00,20.6,,,0.47,1023.1,8.9,16.1,West,5.6,0,0,,Clear
6/18/2016 11:00,22.2,,,0.46,1023.3,10,16.1,Variable,5.6,0,0,,Clear
6/18/2016 12:00,23.9,,,0.46,1023.6,11.7,16.1,Calm,0,0,0,,Clear
6/18/2016 13:00,27.2,,26.9,0.38,1023.9,11.7,14.5,Calm,0,0,0,,Clear
6/18/2016 14:00,28.9,,,0.31,1023.5,10,16.1,Variable,9.3,0,0,,Clear
6/18/2016 15:00,30,,,0.29,1023.2,10,16.1,East,7.4,0,0,,Clear
6/18/2016 16:00,30,,,0.3,1022.7,10.6,16.1,Variable,7.4,0,0,,Clear
6/18/2016 17:00,27.8,,27.6,0.41,1023,13.3,14.5,Calm,0,0,0,,Partly Cloudy
6/18/2016 18:00,27.2,,26.9,0.38,1023.1,11.7,14.5,Variable,9.3,0,0,,Clear
6/18/2016 19:00,26.7,,,0.36,1023,10.6,14.5,Variable,7.4,0,0,,Clear
6/18/2016 20:00,25,,,0.39,1023.3,10,14.5,Variable,9.3,0,0,,Clear
6/18/2016 21:00,23.9,,,0.4,1023.8,9.4,14.5,Variable,5.6,0,0,,Clear
6/18/2016 22:00,23.3,,,0.41,1024.2,9.4,16.1,Variable,9.3,0,0,,Clear
6/18/2016 23:00,22.8,,,0.41,1025.2,8.9,16.1,Calm,0,0,0,,Clear
6/19/2016 0:00,22.8,,,0.46,1025.4,10.6,16.1,Calm,0,0,0,,Partly Cloudy
6/19/2016 1:00,21.7,,,0.55,1025.6,12.2,16.1,Calm,0,0,0,,Mostly Cloudy
6/19/2016 2:00,21.7,,,0.59,1025.8,13.3,16.1,East,5.6,0,0,,Mostly Cloudy
6/19/2016 3:00,21.7,,,0.45,1025.5,9.4,16.1,Calm,0,0,0,,Clear
6/19/2016 4:00,20.6,,,0.53,1025.5,10.6,16.1,Calm,0,0,0,,Partly Cloudy
6/19/2016 5:00,20.6,,,0.54,1025.5,11.1,16.1,Calm,0,0,0,,Mostly Cloudy
6/19/2016 6:00,20,,,0.55,1025.5,10.6,16.1,Calm,0,0,0,,Partly Cloudy
6/19/2016 7:00,20,,,0.55,1025.7,10.6,16.1,West,5.6,0,0,,Partly Cloudy
6/19/2016 8:00,20,,,0.59,1025.9,11.7,16.1,Calm,0,0,0,,Clear
6/19/2016 9:00,20.6,,,0.57,1026.3,11.7,14.5,Calm,0,0,0,,Clear
6/19/2016 10:00,22.2,,,0.53,1026.2,12.2,14.5,Calm,0,0,0,,Clear
6/19/2016 11:00,23.9,,,0.5,1026,12.8,14.5,Calm,0,0,0,,Clear
6/19/2016 12:00,26.1,,,0.45,1025.9,13.3,14.5,Calm,0,0,0,,Clear
6/19/2016 13:00,28.3,,27.8,0.38,1025.6,12.8,14.5,Calm,0,0,0,,Clear
6/19/2016 14:00,30.6,,30,0.37,1024.8,14.4,14.5,Variable,5.6,0,0,,Clear
6/19/2016 15:00,28.9,,28.9,0.44,1024.7,15.6,12.9,Variable,11.1,0,0,,Clear
6/19/2016 16:00,27.8,,27.8,0.45,1024.4,15,14.5,South,7.4,0,0,,Clear
6/19/2016 17:00,26.7,,27.1,0.5,1024.1,15.6,14.5,Variable,11.1,0,0,,Clear
6/19/2016 18:00,25,,,0.54,1024.4,15,14.5,South,13,0,0,,Clear
6/19/2016 19:00,22.8,,,0.59,1024.3,14.4,12.9,Variable,7.4,31.5,0,,Clear
6/19/2016 20:00,22.8,,,0.55,1024.5,13.3,14.5,SSE,13,0,0,,Clear
6/19/2016 21:00,21.1,,,0.63,1024.8,13.9,14.5,Calm,0,0,0,,Clear
6/19/2016 22:00,20.6,,,0.65,1024.9,13.9,16.1,Variable,7.4,0,0,,Clear
6/19/2016 23:00,20,,,0.65,1025.2,13.3,16.1,South,14.8,0,0,,Clear
6/20/2016 0:00,20,,,0.65,1024.9,13.3,16.1,SE,11.1,0,0,,Clear
6/20/2016 1:00,19.4,,,0.7,1024.5,13.9,16.1,SSE,7.4,0,0,,Clear
6/20/2016 2:00,18.9,,,0.75,1023.8,14.4,16.1,Calm,0,0,0,,Clear
6/20/2016 3:00,18.9,,,0.75,1023.5,14.4,16.1,Calm,0,0,0,,Clear
6/20/2016 4:00,18.9,,,0.75,1022.7,14.4,16.1,Variable,5.6,0,0,,Clear
6/20/2016 5:00,18.9,,,0.78,1023,15,16.1,Variable,5.6,0,0,,Clear
6/20/2016 6:00,17.8,,,0.87,1022.9,15.6,16.1,Calm,0,0,0,,Clear
6/20/2016 7:00,18.3,,,0.84,1022.8,15.6,14.5,Calm,0,0,0,,Clear
6/20/2016 8:00,19.4,,,0.81,1022.7,16.1,14.5,Calm,0,0,0,,Partly Cloudy
6/20/2016 9:00,20.6,,,0.75,1022.8,16.1,14.5,Calm,0,0,0,,Clear
6/20/2016 10:00,22.2,,,0.71,1022.6,16.7,12.9,ENE,5.6,0,0,,Clear
6/20/2016 11:00,24.4,,,0.62,1021.8,16.7,12.9,Variable,5.6,0,0,,Clear
6/20/2016 12:00,26.1,,,0.58,1021.3,17.2,12.9,Variable,7.4,0,0,,Clear
6/20/2016 13:00,26.7,,27.6,0.58,1020.5,17.8,12.9,Calm,0,0,0,,Clear
6/20/2016 14:00,27.2,,28,0.56,1019.8,17.8,12.9,Variable,7.4,0,0,,Clear
6/20/2016 15:00,27.8,,28.4,0.52,1018.6,17.2,12.9,South,13,0,0,,Clear
6/20/2016 16:00,27.8,,28.4,0.52,1017.5,17.2,12.9,SSE,14.8,0,0,,Clear
6/20/2016 17:00,26.7,,27.5,0.56,1016.8,17.2,12.9,South,9.3,0,0,,Partly Cloudy
6/20/2016 18:00,26.1,,,0.54,1016,16.1,12.9,Variable,9.3,0,0,,Clear
6/20/2016 19:00,25.6,,,0.58,1015.1,16.7,12.9,Calm,0,0,0,,Clear
6/20/2016 20:00,25.6,,,0.56,1014.4,16.1,12.9,North,0,0,0,,Clear
6/20/2016 21:00,25.6,,,0.58,1013.4,16.7,12.9,Calm,0,0,0,,Clear
6/20/2016 22:00,25,,,0.62,1013,17.2,14.5,Variable,9.3,0,0,,Clear
6/20/2016 23:00,25.6,,,0.6,1012.8,17.2,14.5,Calm,0,0,0,,Clear
6/21/2016 0:00,26.7,,27.1,0.5,1012.3,15.6,14.5,Variable,5.6,0,0,,Clear
6/21/2016 1:00,25.6,,,0.5,1011.4,14.4,16.1,Variable,7.4,0,0,,Partly Cloudy
6/21/2016 2:00,26.1,,,0.45,1010.4,13.3,16.1,Variable,9.3,0,0,,Partly Cloudy
6/21/2016 3:00,25.6,,,0.46,1010,13.3,16.1,West,13,31.5,0,,Partly Cloudy
6/21/2016 4:00,25,,,0.5,1009.1,13.9,16.1,West,14.8,0,0,,Partly Cloudy
6/21/2016 5:00,25,,,0.52,1008.6,14.4,16.1,Variable,9.3,0,0,,Mostly Cloudy
6/21/2016 6:00,25,,,0.54,1008.4,15,16.1,Variable,11.1,0,0,,Mostly Cloudy
6/21/2016 7:00,24.4,,,0.58,1008.7,15.6,16.1,West,9.3,0,0,,Partly Cloudy
6/21/2016 8:00,23.9,,,0.64,1010,16.7,9.7,Variable,9.3,0,0,Rain,Light Rain
6/21/2016 9:00,22.2,,,0.66,1007.3,15.6,14.5,SW,5.6,0,0,,Scattered Clouds
6/21/2016 10:00,22.8,,,0.59,1009.8,14.4,14.5,Variable,7.4,0,0,,Clear
6/21/2016 11:00,24.4,,,0.46,1010,12.2,16.1,WNW,13,0,0,,Clear
6/21/2016 12:00,26.1,,,0.42,1010.3,12.2,16.1,North,0,0,0,,Clear
6/21/2016 13:00,28.3,,,0.34,1010.6,11.1,16.1,Variable,5.6,0,0,,Clear
6/21/2016 14:00,28.3,,27.7,0.36,1010,11.7,16.1,Variable,9.3,0,0,,Mostly Cloudy
6/21/2016 15:00,29.4,,28.4,0.33,1009.3,11.7,16.1,WNW,16.7,0,0,,Clear
6/21/2016 16:00,30,,28.9,0.32,1008.5,11.7,16.1,Variable,5.6,0,0,,Partly Cloudy
6/21/2016 17:00,30,,29.2,0.35,1007.5,12.8,16.1,Variable,5.6,0,0,,Clear
6/21/2016 18:00,29.4,,28.7,0.36,1007.4,12.8,14.5,Variable,5.6,0,0,,Scattered Clouds
6/21/2016 19:00,27.2,,27.5,0.49,1007.2,15.6,14.5,Variable,9.3,0,0,,Scattered Clouds
6/21/2016 20:00,26.7,,27.5,0.56,1007.3,17.2,12.9,Calm,0,0,0,,Partly Cloudy
6/21/2016 21:00,26.7,,27.5,0.56,1007.3,17.2,12.9,Calm,0,0,0,,Clear
6/21/2016 22:00,26.7,,,0.28,1008.2,6.7,16.1,Variable,7.4,0,0,,Partly Cloudy
6/21/2016 23:00,25.6,,,0.32,1009.1,7.8,16.1,North,0,0,0,,Scattered Clouds
6/22/2016 0:00,25,,,0.33,1009.2,7.8,16.1,Variable,7.4,0,0,,Partly Cloudy
6/22/2016 1:00,23.3,,,0.35,1009.3,7.2,16.1,NE,5.6,0,0,,Clear
6/22/2016 2:00,22.8,,,0.39,1009.5,8.3,16.1,Calm,0,0,0,,Overcast
6/22/2016 3:00,22.8,,,0.35,1009.3,6.7,16.1,Calm,0,0,0,,Mostly Cloudy
6/22/2016 4:00,21.7,,,0.39,1009.1,7.2,16.1,SE,5.6,0,0,,Clear
6/22/2016 5:00,21.1,,,0.46,1009.4,8.9,16.1,NNE,5.6,0,0,,Clear
6/22/2016 6:00,20.6,,,0.47,1009,8.9,16.1,Calm,0,0,0,,Clear
6/22/2016 7:00,21.1,,,0.49,1009.2,10,16.1,Calm,0,0,0,,Clear
6/22/2016 8:00,20.6,,,0.58,1009.3,12.2,16.1,Calm,0,0,0,,Clear
6/22/2016 9:00,22.2,,,0.59,1009.2,13.9,14.5,Calm,0,0,0,,Clear
6/22/2016 10:00,23.3,,,0.52,1009.1,12.8,14.5,Calm,0,0,0,,Clear
6/22/2016 11:00,25,,,0.43,1009.1,11.7,14.5,West,11.1,0,0,,Clear
6/22/2016 12:00,26.7,,26.6,0.39,1009.2,11.7,14.5,Variable,9.3,0,0,,Clear
6/22/2016 13:00,28.3,,,0.33,1009.1,10.6,14.5,West,16.7,29.6,0,,Partly Cloudy
6/22/2016 14:00,28.9,,,0.31,1009.2,10,16.1,WNW,20.4,33.3,0,,Partly Cloudy
6/22/2016 15:00,27.8,,,0.3,1009.6,8.9,16.1,WNW,14.8,31.5,0,,Scattered Clouds
6/22/2016 16:00,28.9,,,0.26,1009.8,7.8,16.1,Variable,11.1,40.7,0,,Clear
6/22/2016 17:00,28.3,,,0.27,1010,7.8,16.1,WNW,18.5,29.6,0,,Partly Cloudy
6/22/2016 18:00,28.9,,,0.26,1010.2,7.8,16.1,NW,13,0,0,,Partly Cloudy
6/22/2016 19:00,28.3,,,0.28,1010.1,8.3,16.1,WNW,9.3,33.3,0,,Clear
6/22/2016 20:00,27.8,,,0.3,1010.5,8.9,16.1,Variable,11.1,0,0,,Clear
6/22/2016 21:00,26.7,,,0.32,1010.8,8.9,16.1,Variable,7.4,0,0,,Clear
6/22/2016 22:00,26.1,,,0.32,1011.5,8.3,16.1,Variable,5.6,0,0,,Mostly Cloudy
6/22/2016 23:00,25,,,0.33,1012.4,7.8,16.1,Calm,0,0,0,,Partly Cloudy
6/23/2016 0:00,24.4,,,0.37,1013.1,8.9,16.1,Calm,0,0,0,,Clear
6/23/2016 1:00,22.8,,,0.46,1013.2,10.6,16.1,Calm,0,0,0,,Clear
6/23/2016 2:00,22.8,,,0.42,1012.7,9.4,16.1,Calm,0,0,0,,Clear
6/23/2016 3:00,23.3,,,0.41,1012.8,9.4,16.1,Calm,0,0,0,,Partly Cloudy
6/23/2016 4:00,21.7,,,0.49,1012.8,10.6,16.1,NE,5.6,0,0,,Mostly Cloudy
6/23/2016 5:00,21.7,,,0.49,1012.1,10.6,16.1,ENE,5.6,0,0,,Clear
6/23/2016 6:00,21.1,,,0.47,1011.9,9.4,16.1,Variable,5.6,0,0,,Clear
6/23/2016 7:00,21.1,,,0.47,1011.5,9.4,16.1,ENE,5.6,0,0,,Clear
6/23/2016 8:00,20.6,,,0.57,1012.2,11.7,14.5,North,5.6,0,0,,Clear
6/23/2016 9:00,21.7,,,0.59,1011.8,13.3,14.5,Calm,0,0,0,,Clear
6/23/2016 10:00,23.3,,,0.55,1011.6,13.9,14.5,Calm,0,0,0,,Partly Cloudy
6/23/2016 11:00,24.4,,,0.54,1011.6,14.4,14.5,Calm,0,0,0,,Mostly Cloudy
6/23/2016 12:00,25,,,0.52,1011.3,14.4,12.9,Calm,0,0,0,,Mostly Cloudy
6/23/2016 13:00,24.4,,,0.58,1010.9,15.6,12.9,Variable,5.6,0,0,,Overcast
6/23/2016 14:00,25.6,,,0.5,1010.2,14.4,12.9,Calm,0,0,0,,Overcast
6/23/2016 15:00,26.1,,,0.5,1009.7,15,12.9,ENE,9.3,0,0,,Mostly Cloudy
6/23/2016 16:00,26.7,,27,0.48,1009.7,15,12.9,Variable,5.6,0,0,,Mostly Cloudy
6/23/2016 17:00,27.2,,27.4,0.47,1009.7,15,12.9,ENE,7.4,0,0,,Mostly Cloudy
6/23/2016 18:00,26.1,,,0.52,1009.7,15.6,12.9,NE,5.6,0,0,,Overcast
6/23/2016 19:00,25.6,,,0.54,1009.3,15.6,12.9,Calm,0,0,0,,Overcast
6/23/2016 20:00,25,,,0.62,1009.5,17.2,12.9,Calm,0,0,0,,Mostly Cloudy
6/23/2016 21:00,23.9,,,0.69,1009.9,17.8,12.9,Calm,0,0,0,,Overcast
6/23/2016 22:00,22.8,,,0.76,1010.3,18.3,12.9,Variable,5.6,0,0,,Scattered Clouds
6/23/2016 23:00,22.8,,,0.73,1011,17.8,12.9,Calm,0,0,0,,Clear
6/24/2016 0:00,22.2,,,0.76,1011.4,17.8,12.9,ENE,5.6,0,0,,Clear
6/24/2016 1:00,22.2,,,0.73,1011.7,17.2,12.9,Calm,0,0,0,,Clear
6/24/2016 2:00,21.7,,,0.75,1011.7,17.2,12.9,Calm,0,0,0,,Clear
6/24/2016 3:00,21.7,,,0.75,1012.2,17.2,9.7,NE,7.4,0,0,,Haze
6/24/2016 4:00,21.1,,,0.81,1012.8,17.8,9.7,Calm,0,0,0,,Haze
6/24/2016 5:00,21.7,,,0.78,1012.9,17.8,9.7,NE,5.6,0,0,,Haze
6/24/2016 6:00,20.6,,,0.75,1013.5,16.1,14.5,Variable,7.4,0,0,,Clear
6/24/2016 7:00,21.1,,,0.47,1014.3,9.4,16.1,NE,11.1,0,0,,Clear
6/24/2016 8:00,21.1,,,0.53,1014.9,11.1,16.1,Variable,11.1,0,0,,Clear
6/24/2016 9:00,22.2,,,0.48,1015.7,10.6,16.1,East,16.7,27.8,0,,Clear
6/24/2016 10:00,22.2,,,0.46,1016.6,10,16.1,ENE,18.5,31.5,0,,Clear
6/24/2016 11:00,22.8,,,0.48,1017.2,11.1,16.1,ENE,22.2,29.6,0,,Clear
6/24/2016 12:00,24.4,,,0.42,1017.5,10.6,16.1,Variable,11.1,0,0,,Clear
6/24/2016 13:00,26.1,,,0.39,1017.6,11.1,16.1,ENE,18.5,0,0,,Clear
6/24/2016 14:00,27.8,,27.4,0.38,1017.3,12.2,16.1,ENE,13,0,0,,Clear
6/24/2016 15:00,28.3,,27.7,0.37,1017.3,12.2,16.1,East,13,0,0,,Clear
6/24/2016 16:00,28.3,,27.8,0.38,1017.5,12.8,16.1,North,0,0,0,,Clear
6/24/2016 17:00,27.8,,27.4,0.39,1017.9,12.8,14.5,Variable,7.4,0,0,,Clear
6/24/2016 18:00,26.7,,26.7,0.42,1017.9,12.8,14.5,North,0,0,0,,Clear
6/24/2016 19:00,25,,,0.48,1018,13.3,14.5,Variable,9.3,0,0,,Clear
6/24/2016 20:00,24.4,,,0.5,1018.3,13.3,14.5,Variable,7.4,0,0,,Clear
6/24/2016 21:00,22.8,,,0.59,1018.6,14.4,14.5,Variable,5.6,0,0,,Clear
6/24/2016 22:00,21.7,,,0.63,1018.8,14.4,14.5,Calm,0,0,0,,Clear
6/24/2016 23:00,21.1,,,0.68,1019.5,15,14.5,ESE,5.6,0,0,,Clear
6/25/2016 0:00,21.7,,,0.66,1019.6,15,14.5,Variable,7.4,0,0,,Mostly Cloudy
6/25/2016 1:00,20.6,,,0.68,1019.6,14.4,14.5,ENE,11.1,0,0,,Partly Cloudy
6/25/2016 2:00,20,,,0.68,1019.8,13.9,16.1,ENE,11.1,0,0,,Clear
6/25/2016 3:00,19.4,,,0.7,1020,13.9,16.1,Variable,5.6,0,0,,Clear
6/25/2016 4:00,19.4,,,0.73,1019.8,14.4,16.1,Variable,7.4,0,0,,Clear
6/25/2016 5:00,18.9,,,0.75,1020.2,14.4,16.1,Calm,0,0,0,,Clear
6/25/2016 6:00,18.3,,,0.81,1020.6,15,14.5,ENE,5.6,0,0,,Clear
6/25/2016 7:00,18.3,,,0.81,1021.2,15,11.3,NNE,5.6,0,0,,Clear
6/25/2016 8:00,19.4,,,0.76,1021.7,15,12.9,ENE,7.4,0,0,,Clear
6/25/2016 9:00,20.6,,,0.7,1022.2,15,12.9,ENE,13,0,0,,Clear
6/25/2016 10:00,22.2,,,0.61,1022.2,14.4,14.5,ENE,7.4,0,0,,Clear
6/25/2016 11:00,22.8,,,0.53,1022.3,12.8,16.1,Variable,7.4,0,0,,Clear
6/25/2016 12:00,24.4,,,0.5,1022.2,13.3,14.5,ENE,7.4,0,0,,Clear
6/25/2016 13:00,26.7,,26.9,0.45,1022.2,13.9,14.5,Variable,7.4,0,0,,Clear
6/25/2016 14:00,28.3,,,0.33,1022.2,10.6,16.1,Variable,5.6,0,0,,Clear
6/25/2016 15:00,28.9,,28,0.34,1022,11.7,16.1,North,0,0,0,,Clear
6/25/2016 16:00,29.4,,28.7,0.36,1021.6,12.8,14.5,Variable,9.3,0,0,,Clear
6/25/2016 17:00,27.2,,27,0.39,1021.6,12.2,14.5,Variable,5.6,0,0,,Clear
6/25/2016 18:00,26.7,,26.7,0.4,1021.9,12.2,14.5,Variable,5.6,0,0,,Clear
6/25/2016 19:00,25,,,0.43,1021.9,11.7,14.5,Variable,9.3,0,0,,Clear
6/25/2016 20:00,24.4,,,0.42,1021.6,10.6,16.1,Variable,7.4,0,0,,Clear
6/25/2016 21:00,22.8,,,0.44,1022,10,16.1,Variable,5.6,0,0,,Clear
6/25/2016 22:00,22.2,,,0.43,1022.2,8.9,16.1,Calm,0,0,0,,Clear
6/25/2016 23:00,21.7,,,0.49,1022.8,10.6,16.1,Calm,0,0,0,,Clear
6/26/2016 0:00,20.6,,,0.58,1022.8,12.2,16.1,Calm,0,0,0,,Clear
6/26/2016 1:00,20,,,0.68,1022.7,13.9,16.1,SSE,7.4,0,0,,Partly Cloudy
6/26/2016 2:00,20.6,,,0.65,1023,13.9,16.1,Calm,0,0,0,,Mostly Cloudy
6/26/2016 3:00,20,,,0.7,1023.1,14.4,16.1,Calm,0,0,0,,Clear
6/26/2016 4:00,20,,,0.59,1023.5,11.7,16.1,Calm,0,0,0,,Clear
6/26/2016 5:00,20.6,,,0.58,1023.7,12.2,16.1,Calm,0,0,0,,Mostly Cloudy
6/26/2016 6:00,20.6,,,0.61,1023.5,12.8,16.1,West,5.6,0,0,,Partly Cloudy
6/26/2016 7:00,20,,,0.63,1023.5,12.8,14.5,Calm,0,0,0,,Clear
6/26/2016 8:00,20.6,,,0.63,1023.1,13.3,14.5,WSW,5.6,0,0,,Clear
6/26/2016 9:00,22.2,,,0.55,1023.4,12.8,11.3,Calm,0,0,0,,Clear
6/26/2016 10:00,23.3,,,0.5,1023.4,12.2,11.3,Calm,0,0,0,,Clear
6/26/2016 11:00,25,,,0.47,1023.1,12.8,12.9,Variable,5.6,0,0,,Clear
6/26/2016 12:00,26.7,,26.8,0.43,1023,13.3,14.5,Calm,0,0,0,,Clear
6/26/2016 13:00,28.3,,28.2,0.44,1022.7,15,12.9,Calm,0,0,0,,Clear
6/26/2016 14:00,30,,29.5,0.38,1022.9,14.4,12.9,Calm,0,0,0,,Clear
6/26/2016 15:00,29.4,,29.1,0.41,1022.4,15,12.9,North,0,0,0,,Clear
6/26/2016 16:00,28.3,,28.4,0.46,1022,15.6,14.5,Calm,0,0,0,,Clear
6/26/2016 17:00,27.8,,28,0.47,1021.5,15.6,14.5,South,11.1,0,0,,Clear
6/26/2016 18:00,26.7,,26.9,0.45,1021.2,13.9,14.5,North,0,0,0,,Clear
6/26/2016 19:00,26.1,,,0.45,1020.7,13.3,14.5,Variable,5.6,0,0,,Clear
6/26/2016 20:00,24.4,,,0.43,1020.8,11.1,14.5,Variable,9.3,0,0,,Clear
6/26/2016 21:00,23.9,,,0.44,1020.4,11.1,14.5,Variable,7.4,0,0,,Clear
6/26/2016 22:00,23.3,,,0.45,1019.8,10.6,16.1,Variable,7.4,0,0,,Clear
6/26/2016 23:00,23.9,,,0.38,1020.1,8.9,16.1,Variable,5.6,0,0,,Clear
6/27/2016 0:00,23.3,,,0.37,1020.1,7.8,16.1,Variable,7.4,0,0,,Clear
6/27/2016 1:00,22.8,,,0.38,1020.3,7.8,16.1,WSW,7.4,0,0,,Clear
6/27/2016 2:00,22.2,,,0.44,1020.1,9.4,16.1,Variable,9.3,0,0,,Clear
6/27/2016 3:00,21.7,,,0.49,1020.2,10.6,14.5,Variable,5.6,0,0,,Clear
6/27/2016 4:00,21.1,,,0.51,1019.7,10.6,16.1,Variable,9.3,0,0,,Clear
6/27/2016 5:00,21.1,,,0.51,1019.4,10.6,16.1,WSW,13,27.8,0,,Clear
6/27/2016 6:00,20,,,0.61,1019.5,12.2,16.1,WSW,7.4,0,0,,Clear
6/27/2016 7:00,19.4,,,0.68,1019.9,13.3,14.5,Variable,5.6,0,0,,Clear
6/27/2016 8:00,20.6,,,0.63,1019.5,13.3,14.5,Variable,9.3,0,0,,Clear
6/27/2016 9:00,21.1,,,0.63,1019.3,13.9,14.5,WSW,11.1,0,0,,Clear
6/27/2016 10:00,22.2,,,0.66,1019.4,15.6,12.9,Variable,9.3,0,0,,Clear
6/27/2016 11:00,23.3,,,0.64,1019,16.1,12.9,Calm,0,0,0,,Clear
6/27/2016 12:00,25,,,0.5,1018.4,13.9,14.5,Variable,5.6,0,0,,Clear
6/27/2016 13:00,26.1,,,0.52,1018,15.6,14.5,SSE,11.1,0,0,,Clear
6/27/2016 14:00,27.8,,28.3,0.51,1017.5,16.7,14.5,North,0,0,0,,Partly Cloudy
6/27/2016 15:00,28.3,,29.1,0.53,1016.6,17.8,14.5,Variable,7.4,0,0,,Clear
6/27/2016 16:00,26.7,,27.7,0.6,1016,18.3,14.5,Variable,9.3,0,0,,Clear
6/27/2016 17:00,26.1,,,0.6,1015.8,17.8,14.5,South,18.5,29.6,0,,Clear
6/27/2016 18:00,25.6,,,0.64,1015.6,18.3,14.5,North,0,0,0,,Clear
6/27/2016 19:00,25,,,0.66,1015.3,18.3,14.5,North,0,0,0,,Clear
6/27/2016 20:00,24.4,,,0.69,1015.3,18.3,12.9,North,0,0,0,,Mostly Cloudy
6/27/2016 21:00,23.3,,,0.73,1015.6,18.3,12.9,North,0,0,0,,Overcast
6/27/2016 22:00,22.8,,,0.79,1015.7,18.9,14.5,Variable,7.4,0,0,,Mostly Cloudy
6/27/2016 23:00,21.7,,,0.9,1016.3,20,6.4,Variable,7.4,0,1,Rain,Light Rain
6/28/2016 0:00,21.1,,,0.93,1016.2,20,4.8,Variable,5.6,0,1.5,Rain,Light Rain
6/28/2016 1:00,21.1,,,0.93,1016,20,4,Variable,7.4,0,2,Rain,Rain
6/28/2016 2:00,20.6,,,0.96,1015.5,20,1.6,Calm,0,0,5.1,Rain,Heavy Rain
6/28/2016 3:00,20.6,,,0.96,1015.2,20,6.4,Variable,5.6,0,4.1,,Overcast
6/28/2016 4:00,20.6,,,0.93,1014.9,19.4,8,Variable,5.6,0,0,,Mostly Cloudy
6/28/2016 5:00,21.1,,,0.93,1014.5,20,9.7,Calm,0,0,0,,Overcast
6/28/2016 6:00,21.1,,,0.93,1014.4,20,8,Variable,7.4,0,0,,Overcast
6/28/2016 7:00,20.6,,,0.93,1014.8,19.4,12.9,Variable,5.6,0,0,,Overcast
6/28/2016 8:00,21.1,,,0.9,1014.8,19.4,11.3,Variable,7.4,0,0,,Overcast
6/28/2016 9:00,20.6,,,0.93,1015.1,19.4,8,SSW,9.3,0,0,,Overcast
6/28/2016 10:00,20.6,,,0.9,1015.3,18.9,12.9,Variable,5.6,0,0,,Overcast
6/28/2016 11:00,21.1,,,0.87,1014.9,18.9,9.7,Variable,5.6,0,0,,Overcast
6/28/2016 12:00,21.7,,,0.87,1014.7,19.4,9.7,SSE,9.3,0,0,,Overcast
6/28/2016 13:00,21.7,,,0.87,1014.8,19.4,8,Calm,0,0,0,,Overcast
6/28/2016 14:00,21.7,,,0.9,1014.4,20,8,Variable,9.3,0,0,,Overcast
6/28/2016 15:00,22.2,,,0.87,1014,20,9.7,Calm,0,0,0,,Overcast
6/28/2016 16:00,23.3,,,0.85,1012.9,20.6,11.3,Variable,5.6,0,0,,Overcast
6/28/2016 17:00,23.3,,,0.82,1012.5,20,12.9,Variable,9.3,0,0,,Overcast
6/28/2016 18:00,23.9,,,0.79,1012,20,12.9,Variable,9.3,0,0,,Mostly Cloudy
6/28/2016 19:00,23.3,,,0.82,1012.1,20,12.9,North,0,0,0,,Overcast
6/28/2016 20:00,22.2,,,0.87,1011.8,20,11.3,North,0,0,0,,Overcast
6/28/2016 21:00,22.2,,,0.87,1011.4,20,8,Variable,11.1,0,0,,Overcast
6/28/2016 22:00,21.7,,,0.9,1011.7,20,6.4,South,5.6,0,0,,Overcast
6/28/2016 23:00,21.7,,,0.93,1012.1,20.6,6.4,North,0,0,0,,Overcast
6/29/2016 0:00,21.7,,,0.93,1011.8,20.6,6.4,West,5.6,0,0.3,,Mostly Cloudy
6/29/2016 1:00,20.6,,,0.87,1011.8,18.3,16.1,NE,5.6,0,0,,Mostly Cloudy
6/29/2016 2:00,20,,,0.93,1011.4,18.9,11.3,Calm,0,0,0.5,Rain,Light Rain
6/29/2016 3:00,20,,,0.93,1010.8,18.9,9.7,Calm,0,0,0.3,,Mostly Cloudy
6/29/2016 4:00,20.6,,,0.93,1011.2,19.4,6.4,Calm,0,0,0,,Overcast
6/29/2016 5:00,20,,,0.9,1011.1,18.3,9.7,Calm,0,0,0,,Scattered Clouds
6/29/2016 6:00,19.4,,,0.93,1011,18.3,6.4,Calm,0,0,0,,Mostly Cloudy
6/29/2016 7:00,20,,,0.9,1011.4,18.3,4.8,Calm,0,0,0,,Mostly Cloudy
6/29/2016 8:00,20,,,0.93,1011.8,18.9,8,Calm,0,0,0,,Mostly Cloudy
6/29/2016 9:00,20.6,,,0.9,1012.1,18.9,12.9,Calm,0,0,0,,Partly Cloudy
6/29/2016 10:00,22.2,,,0.76,1012.2,17.8,14.5,Variable,7.4,0,0,,Clear
6/29/2016 11:00,22.8,,,0.76,1012.3,18.3,12.9,Calm,0,0,0,,Overcast
6/29/2016 12:00,23.9,,,0.71,1012.1,18.3,14.5,North,0,0,0,,Mostly Cloudy
6/29/2016 13:00,25.6,,,0.62,1011.8,17.8,14.5,Variable,5.6,0,0,,Partly Cloudy
6/29/2016 14:00,26.7,,27.6,0.58,1011.5,17.8,14.5,North,0,0,0,,Scattered Clouds
6/29/2016 15:00,27.8,,28.1,0.49,1011.2,16.1,16.1,Variable,9.3,0,0,,Scattered Clouds
6/29/2016 16:00,27.2,,27.4,0.47,1011.1,15,16.1,WNW,13,0,0,,Partly Cloudy
6/29/2016 17:00,27.2,,27.3,0.45,1011.3,14.4,16.1,West,5.6,0,0,,Partly Cloudy
6/29/2016 18:00,27.8,,27.6,0.41,1011.2,13.3,16.1,WNW,7.4,0,0,,Scattered Clouds
6/29/2016 19:00,27.8,,27.6,0.41,1011,13.3,16.1,West,11.1,0,0,,Clear
6/29/2016 20:00,27.2,,27.2,0.44,1011.5,13.9,16.1,Variable,7.4,0,0,,Clear
6/29/2016 21:00,26.1,,,0.45,1011.9,13.3,16.1,Calm,0,0,0,,Clear
6/29/2016 22:00,25.6,,,0.45,1012.4,12.8,16.1,Variable,7.4,0,0,,Clear
6/29/2016 23:00,25,,,0.47,1013.1,12.8,16.1,Variable,7.4,0,0,,Clear
6/30/2016 0:00,23.9,,,0.51,1013.7,13.3,16.1,Calm,0,0,0,,Clear
6/30/2016 1:00,22.8,,,0.57,1013.9,13.9,16.1,Calm,0,0,0,,Clear
6/30/2016 2:00,21.7,,,0.61,1014,13.9,16.1,Calm,0,0,0,,Clear
6/30/2016 3:00,21.7,,,0.59,1014,13.3,16.1,North,0,0,0,,Clear
6/30/2016 4:00,20.6,,,0.65,1014.2,13.9,16.1,Variable,5.6,0,0,,Clear
6/30/2016 5:00,20.6,,,0.63,1014.5,13.3,16.1,WNW,9.3,0,0,,Clear
6/30/2016 6:00,20,,,0.68,1015,13.9,16.1,Calm,0,0,0,,Clear
6/30/2016 7:00,20,,,0.68,1015.5,13.9,16.1,WNW,5.6,0,0,,Clear
6/30/2016 8:00,20,,,0.68,1016.1,13.9,16.1,NW,7.4,0,0,,Clear
6/30/2016 9:00,21.1,,,0.63,1016.2,13.9,16.1,North,7.4,0,0,,Clear
6/30/2016 10:00,22.2,,,0.59,1016.3,13.9,16.1,ENE,7.4,0,0,,Clear
6/30/2016 11:00,23.9,,,0.5,1016.4,12.8,16.1,Calm,0,0,0,,Clear
6/30/2016 12:00,25,,,0.45,1016.7,12.2,16.1,Calm,0,0,0,,Clear
6/30/2016 13:00,27.2,,27.2,0.44,1016.5,13.9,16.1,Calm,0,0,0,,Clear
6/30/2016 14:00,28.3,,27.8,0.38,1016.2,12.8,16.1,Calm,0,0,0,,Clear
6/30/2016 15:00,28.9,,28.3,0.38,1015.8,13.3,16.1,Calm,0,0,0,,Partly Cloudy
6/30/2016 16:00,28.3,,27.7,0.36,1015.5,11.7,16.1,Calm,0,0,0,,Mostly Cloudy
6/30/2016 17:00,28.9,,28.1,0.35,1015.1,12.2,16.1,Variable,7.4,0,0,,Clear
6/30/2016 18:00,28.9,,28.3,0.37,1015,12.8,16.1,North,0,0,0,,Clear
6/30/2016 19:00,27.2,,27.2,0.44,1015.4,13.9,16.1,Variable,7.4,0,0,,Scattered Clouds
6/30/2016 20:00,25.6,,,0.52,1015.9,15,16.1,Variable,5.6,0,0,,Scattered Clouds
6/30/2016 21:00,25.6,,,0.54,1015.8,15.6,14.5,Variable,9.3,0,0,,Partly Cloudy
6/30/2016 22:00,25,,,0.58,1015.9,16.1,16.1,Variable,5.6,0,0,,Clear
6/30/2016 23:00,24.4,,,0.6,1016.5,16.1,16.1,Calm,0,0,0,,Clear
